eggSize,hostSPP
19.65,MDW.pip
20.05,MDW.pip
20.65,MDW.pip
20.85,MDW.pip
21.65,MDW.pip
21.65,MDW.pip
21.65,MDW.pip
21.85,MDW.pip
21.85,MDW.pip
21.85,MDW.pip
22.05,MDW.pip
22.05,MDW.pip
22.05,MDW.pip
22.05,MDW.pip
22.05,MDW.pip
22.05,MDW.pip
22.05,MDW.pip
22.05,MDW.pip
22.05,MDW.pip
22.05,MDW.pip
22.25,MDW.pip
22.25,MDW.pip
22.25,MDW.pip
22.25,MDW.pip
22.25,MDW.pip
22.25,MDW.pip
22.25,MDW.pip
22.25,MDW.pip
22.45,MDW.pip
22.45,MDW.pip
22.45,MDW.pip
22.65,MDW.pip
22.65,MDW.pip
22.85,MDW.pip
22.85,MDW.pip
22.85,MDW.pip
22.85,MDW.pip
23.05,MDW.pip
23.25,MDW.pip
23.25,MDW.pip
23.45,MDW.pip
23.65,MDW.pip
23.85,MDW.pip
24.25,MDW.pip
24.45,MDW.pip
21.05,TREE.pip
21.85,TREE.pip
22.05,TREE.pip
22.45,TREE.pip
22.65,TREE.pip
23.25,TREE.pip
23.25,TREE.pip
23.25,TREE.pip
23.45,TREE.pip
23.45,TREE.pip
23.65,TREE.pip
23.85,TREE.pip
24.05,TREE.pip
24.05,TREE.pip
24.05,TREE.pip
20.85,HDGE.sprw
21.65,HDGE.sprw
22.05,HDGE.sprw
22.85,HDGE.sprw
23.05,HDGE.sprw
23.05,HDGE.sprw
23.05,HDGE.sprw
23.05,HDGE.sprw
23.45,HDGE.sprw
23.85,HDGE.sprw
23.85,HDGE.sprw
23.85,HDGE.sprw
24.05,HDGE.sprw
25.05,HDGE.sprw
21.05,ROBIN
21.85,ROBIN
22.05,ROBIN
22.05,ROBIN
22.05,ROBIN
22.25,ROBIN
22.45,ROBIN
22.45,ROBIN
22.65,ROBIN
23.05,ROBIN
23.05,ROBIN
23.05,ROBIN
23.05,ROBIN
23.05,ROBIN
23.25,ROBIN
23.85,ROBIN
21.05,WTAIL
21.85,WTAIL
21.85,WTAIL
21.85,WTAIL
22.05,WTAIL
22.45,WTAIL
22.65,WTAIL
23.05,WTAIL
23.05,WTAIL
23.25,WTAIL
23.45,WTAIL
24.05,WTAIL
24.05,WTAIL
24.05,WTAIL
24.85,WTAIL
19.85,PIED.wren
20.05,PIED.wren
20.25,PIED.wren
20.85,PIED.wren
20.85,PIED.wren
20.85,PIED.wren
21.05,PIED.wren
21.05,PIED.wren
21.05,PIED.wren
21.25,PIED.wren
21.45,PIED.wren
22.05,PIED.wren
22.05,PIED.wren
22.05,PIED.wren
22.25,PIED.wren
